{"count":1,"self":2519.6877824,"total":17044.5517361,"children":{"InitializeActuators":{"count":9,"self":0.0015055,"total":0.0015055,"children":null},"InitializeSensors":{"count":9,"self":0.0025150999999999997,"total":0.0025150999999999997,"children":null},"AgentSendState":{"count":5367517,"self":165.50306559999999,"total":231.70348679999998,"children":{"CollectObservations":{"count":3220515,"self":7.7736,"total":7.7736000999999995,"children":null},"WriteActionMask":{"count":3220515,"self":1.6221371,"total":1.6221371,"children":null},"RequestDecision":{"count":3220515,"self":6.9401031999999994,"total":56.8046833,"children":{"AgentInfo.ToProto":{"count":3220515,"self":6.8256863999999995,"total":49.8645801,"children":{"GenerateSensorData":{"count":3220515,"self":35.0036992,"total":43.0388936,"children":{"RayPerceptionSensor.Perceive":{"count":3220515,"self":8.0351944,"total":8.0351947,"children":null}}}}}}}}},"DecideAction":{"count":5367517,"self":14100.3800576,"total":14100.3794181,"children":null},"AgentAct":{"count":5367517,"self":158.3724928,"total":192.77612779999998,"children":{"AgentInfo.ToProto":{"count":2300364,"self":4.4887352,"total":34.403629599999995,"children":{"GenerateSensorData":{"count":2300364,"self":23.424424,"total":29.9148943,"children":{"RayPerceptionSensor.Perceive":{"count":2300364,"self":6.4904699999999993,"total":6.4904699,"children":null}}}}}}}},"gauges":{"Bob.CumulativeReward":{"count":2300364,"max":1.56923676,"min":-8.872164,"runningAverage":-4.37824535,"value":-7.230084,"weightedAverage":-6.620486}},"metadata":{"timer_format_version":"0.1.0","start_time_seconds":"1702289020","unity_version":"2022.3.10f1","command_line_arguments":"C:\\Program Files\\Unity\\Hub\\Editor\\2022.3.10f1\\Editor\\Unity.exe -projectpath D:\\document\\Unity_Projects\\DQN Agent -useHub -hubIPC -cloudEnvironment production -licensingIpc LicenseClient-Afouques -hubSessionId 80b263ed-17cd-4502-b755-daeef014ee3e -accessToken wuvhp-wRN5P-hG-DmaZhEh63MVoB9lD7xLnHzY0r8mE008f","communication_protocol_version":"1.5.0","com.unity.ml-agents_version":"2.0.1","scene_name":"MLAgentTest","end_time_seconds":"1702306064"}}