{"count":1,"self":1085.3677056,"total":4391.5145496999994,"children":{"InitializeActuators":{"count":9,"self":0.0015003999999999998,"total":0.0015003999999999998,"children":null},"InitializeSensors":{"count":9,"self":0.0040177,"total":0.0040177,"children":null},"AgentSendState":{"count":1666701,"self":35.9965568,"total":55.2704257,"children":{"CollectObservations":{"count":1000026,"self":2.0727113999999998,"total":2.0727113999999998,"children":null},"WriteActionMask":{"count":1000026,"self":0.5643072,"total":0.5643072,"children":null},"RequestDecision":{"count":1000026,"self":2.2258904,"total":16.636850499999998,"children":{"AgentInfo.ToProto":{"count":1000026,"self":2.188957,"total":14.4109602,"children":{"GenerateSensorData":{"count":1000026,"self":10.643340799999999,"total":12.2220032,"children":{"RayPerceptionSensor.Perceive":{"count":1000026,"self":1.5786623,"total":1.5786623,"children":null}}}}}}}}},"DecideAction":{"count":1666701,"self":1094.7088383999999,"total":1094.7088176,"children":null},"AgentAct":{"count":1666701,"self":2143.7968384,"total":2156.1616051,"children":{"AgentInfo.ToProto":{"count":714294,"self":2.2308198,"total":12.3647235,"children":{"GenerateSensorData":{"count":714294,"self":8.4910064,"total":10.1339037,"children":{"RayPerceptionSensor.Perceive":{"count":714294,"self":1.6428970999999999,"total":1.6428970999999999,"children":null}}}}}}}},"gauges":{"Bob.CumulativeReward":{"count":714294,"max":-9.824146,"min":-9.999028,"runningAverage":-9.918294,"value":-9.994125,"weightedAverage":-9.982313}},"metadata":{"timer_format_version":"0.1.0","start_time_seconds":"1707669584","unity_version":"2022.3.10f1","command_line_arguments":"C:\\Program Files\\Unity\\Hub\\Editor\\2022.3.10f1\\Editor\\Unity.exe -projectpath D:\\document\\Unity_Projects\\DQN Agent -useHub -hubIPC -cloudEnvironment production -licensingIpc LicenseClient-Afouques -hubSessionId ff611e27-a497-479e-9a3a-dfa7d14749d9 -accessToken gsbDBrFMYxTMLucKiS4K7wT3D58Lx48aaHBWFlo4yMM008f","communication_protocol_version":"1.5.0","com.unity.ml-agents_version":"2.0.1","scene_name":"MLAgentTest","end_time_seconds":"1707673975"}}